id;nom;prenom;email;phone_number
1;Buckinghamshire payment Handcrafted;even-keeled;Sandra_Boyer@gmail.com;blue Synchronised Gorgeous
2;AvonXXXXXX;Product Shoes networks;Nathan76@yahoo.com;utilisation
3;Baby Exclusive;ErgonomicX;Omari.Stokes85@hotmail.com;Gorgeous Automated New
4;Jersey Rubber;Small Dynamic Borders;King41@hotmail.com;cross-platform
5;bypass Sausages;EngineerXX;Shawn_Schulist88@gmail.com;FantasticX
6;FrozenXXXX;Shoal calculate and;Darrick28@hotmail.com;infrastructures
7;models 1080p global;ConcreteXX;Carleton_Considine@hotmail.com;Functionality Account Designer
8;plum value-added deposit;GraniteXXX;Valentine26@hotmail.com;Monitored Usability
9;cutting-edge;EngineerXX;Julio13@yahoo.com;ViaXXXXXXX
10;synergies Profound;portals invoice;Susana.Yundt40@hotmail.com;Pizza Plastic
